headline,url
‘Classic Apple': Why Apple is taking the slow road with AI,https://finance.yahoo.com/news/classic-apple-why-apple-is-taking-the-slow-road-with-ai-190306633.html
Apple WWDC underwhelms fans in a crucial upgrade,https://finance.yahoo.com/news/apple-wwdc-underwhelms-fans-crucial-040908064.html
"Nvidia, Samsung Plan Investments in Robotics Startup Skild AI",https://finance.yahoo.com/news/nvidia-samsung-plan-investments-robotics-001732590.html
Apple to Open its AI Models to App Developers,https://finance.yahoo.com/news/apple-open-ai-models-app-213114139.html
"Apple (AAPL) Gets Buy Rating Despite AI Letdown at WWDC25, Says Goldman Sachs",https://finance.yahoo.com/news/apple-aapl-gets-buy-rating-204555086.html
"Top Research Reports for Apple, Walt Disney & AMD",https://finance.yahoo.com/news/top-research-reports-apple-walt-201900024.html
All of the new features coming to Apple’s iOS apps,https://finance.yahoo.com/news/features-coming-apple-ios-apps-193900718.html
Jim Cramer Notes “It’s Been Hard to Own Apple Lately”,https://finance.yahoo.com/news/jim-cramer-notes-hard-own-193255926.html
"At WWDC, Apple says it will use AI to tag apps to improve discoverability on the App Store",https://finance.yahoo.com/news/wwdc-apple-says-ai-tag-181733246.html
"Buy, Sell or Hold the Apple Stock Post the WWDC25 Announcements?",https://finance.yahoo.com/news/buy-sell-hold-apple-stock-163200671.html
WhatsApp fights Yvette Cooper’s ‘dangerous’ attempt to break encryption,https://finance.yahoo.com/news/whatsapp-fights-yvette-cooper-dangerous-134755062.html
"Magnificent Seven Stocks: Nvidia, Tesla Rally; Apple, Amazon Fall",https://finance.yahoo.com/m/4205eaa9-f620-3a0b-a81a-0e82c7c9fd0b/magnificent-seven-stocks-.html
3 Reasons to Buy This Beaten-Down Warren Buffett Stock,https://finance.yahoo.com/news/3-reasons-buy-beaten-down-094700760.html
4 observations about Apple’s low-key WWDC 2025,https://finance.yahoo.com/news/4-observations-apple-low-key-000848826.html
Steve Jobs Would 'Have Fired Everyone': Apple's Liquid Glass In iOS 26 Gets Roasted Online — Dan Ives Calls WWDC 2025 A 'Yawner',https://finance.yahoo.com/news/steve-jobs-fired-everyone-apples-233012109.html
Watch These Apple Price Levels After WWDC 2025 Updates Fail to Boost Stock,https://finance.yahoo.com/news/watch-apple-price-levels-wwdc-223930216.html
"Apple Executives Defend Apple Intelligence, Siri and AI Strategy",https://finance.yahoo.com/m/af01aa68-b32f-347c-af44-e0f2d0971def/apple-executives-defend-apple.html
Apple Intelligence: Everything you need to know about Apple's AI model and services,https://finance.yahoo.com/news/apple-intelligence-coming-164731847.html
AI wasn't the focus of Apple WWDC. Here's why.,https://finance.yahoo.com/video/ai-wasnt-focus-apple-wwdc-201743902.html
"Why Apple's Updates Impress Users, Not Investors",https://finance.yahoo.com/video/why-apples-updates-impress-users-191119054.html
